model,accuracy,roc_auc,precision,recall,f1
Logistic Regression,0.8967391304347826,0.9295791487326639,0.8878504672897196,0.9313725490196079,0.9090909090909091
Random Forest,0.8967391304347826,0.9317312290769966,0.8807339449541285,0.9411764705882353,0.909952606635071
