ChestPainType,records,heart_disease_rate,heart_disease_rate_pct
ASY,496,0.7903225806451613,79.0
TA,46,0.43478260869565216,43.5
NAP,203,0.35467980295566504,35.5
ATA,173,0.13872832369942195,13.9
