ST_Slope,records,heart_disease_rate,heart_disease_rate_pct
Flat,460,0.8282608695652174,82.8
Down,63,0.7777777777777778,77.8
Up,395,0.19746835443037974,19.7
